"id", "nombre", "edad", "direccion"
0,"usuario0",30,"calle 100, carrera 200"
1,"usuario1",31,"calle 101, carrera 199"
2,"usuario2",32,"calle 102, carrera 198"
3,"usuario3",33,"calle 103, carrera 197"
4,"usuario4",34,"calle 104, carrera 196"
5,"usuario5",35,"calle 105, carrera 195"
6,"usuario6",36,"calle 106, carrera 194"
7,"usuario7",37,"calle 107, carrera 193"
8,"usuario8",38,"calle 108, carrera 192"
9,"usuario9",39,"calle 109, carrera 191"
10,"usuario10",30,"calle 110, carrera 190"
11,"usuario11",31,"calle 111, carrera 189"
12,"usuario12",32,"calle 112, carrera 188"
13,"usuario13",33,"calle 113, carrera 187"
14,"usuario14",34,"calle 114, carrera 186"
15,"usuario15",35,"calle 115, carrera 185"
16,"usuario16",36,"calle 116, carrera 184"
17,"usuario17",37,"calle 117, carrera 183"
18,"usuario18",38,"calle 118, carrera 182"
19,"usuario19",39,"calle 119, carrera 181"
20,"usuario20",30,"calle 120, carrera 180"
21,"usuario21",31,"calle 121, carrera 179"
22,"usuario22",32,"calle 122, carrera 178"
23,"usuario23",33,"calle 123, carrera 177"
24,"usuario24",34,"calle 124, carrera 176"
25,"usuario25",35,"calle 125, carrera 175"
26,"usuario26",36,"calle 126, carrera 174"
27,"usuario27",37,"calle 127, carrera 173"
28,"usuario28",38,"calle 128, carrera 172"
29,"usuario29",39,"calle 129, carrera 171"
30,"usuario30",30,"calle 130, carrera 170"
31,"usuario31",31,"calle 131, carrera 169"
32,"usuario32",32,"calle 132, carrera 168"
33,"usuario33",33,"calle 133, carrera 167"
34,"usuario34",34,"calle 134, carrera 166"
35,"usuario35",35,"calle 135, carrera 165"
36,"usuario36",36,"calle 136, carrera 164"
37,"usuario37",37,"calle 137, carrera 163"
38,"usuario38",38,"calle 138, carrera 162"
39,"usuario39",39,"calle 139, carrera 161"
40,"usuario40",30,"calle 140, carrera 160"
41,"usuario41",31,"calle 141, carrera 159"
42,"usuario42",32,"calle 142, carrera 158"
43,"usuario43",33,"calle 143, carrera 157"
44,"usuario44",34,"calle 144, carrera 156"
45,"usuario45",35,"calle 145, carrera 155"
46,"usuario46",36,"calle 146, carrera 154"
47,"usuario47",37,"calle 147, carrera 153"
48,"usuario48",38,"calle 148, carrera 152"
49,"usuario49",39,"calle 149, carrera 151"
50,"usuario50",30,"calle 150, carrera 150"
51,"usuario51",31,"calle 151, carrera 149"
52,"usuario52",32,"calle 152, carrera 148"
53,"usuario53",33,"calle 153, carrera 147"
54,"usuario54",34,"calle 154, carrera 146"
55,"usuario55",35,"calle 155, carrera 145"
56,"usuario56",36,"calle 156, carrera 144"
57,"usuario57",37,"calle 157, carrera 143"
58,"usuario58",38,"calle 158, carrera 142"
59,"usuario59",39,"calle 159, carrera 141"
60,"usuario60",30,"calle 160, carrera 140"
61,"usuario61",31,"calle 161, carrera 139"
62,"usuario62",32,"calle 162, carrera 138"
63,"usuario63",33,"calle 163, carrera 137"
64,"usuario64",34,"calle 164, carrera 136"
65,"usuario65",35,"calle 165, carrera 135"
66,"usuario66",36,"calle 166, carrera 134"
67,"usuario67",37,"calle 167, carrera 133"
68,"usuario68",38,"calle 168, carrera 132"
69,"usuario69",39,"calle 169, carrera 131"
70,"usuario70",30,"calle 170, carrera 130"
71,"usuario71",31,"calle 171, carrera 129"
72,"usuario72",32,"calle 172, carrera 128"
73,"usuario73",33,"calle 173, carrera 127"
74,"usuario74",34,"calle 174, carrera 126"
75,"usuario75",35,"calle 175, carrera 125"
76,"usuario76",36,"calle 176, carrera 124"
77,"usuario77",37,"calle 177, carrera 123"
78,"usuario78",38,"calle 178, carrera 122"
79,"usuario79",39,"calle 179, carrera 121"
80,"usuario80",30,"calle 180, carrera 120"
81,"usuario81",31,"calle 181, carrera 119"
82,"usuario82",32,"calle 182, carrera 118"
83,"usuario83",33,"calle 183, carrera 117"
84,"usuario84",34,"calle 184, carrera 116"
85,"usuario85",35,"calle 185, carrera 115"
86,"usuario86",36,"calle 186, carrera 114"
87,"usuario87",37,"calle 187, carrera 113"
88,"usuario88",38,"calle 188, carrera 112"
89,"usuario89",39,"calle 189, carrera 111"
90,"usuario90",30,"calle 190, carrera 110"
91,"usuario91",31,"calle 191, carrera 109"
92,"usuario92",32,"calle 192, carrera 108"
93,"usuario93",33,"calle 193, carrera 107"
94,"usuario94",34,"calle 194, carrera 106"
95,"usuario95",35,"calle 195, carrera 105"
96,"usuario96",36,"calle 196, carrera 104"
97,"usuario97",37,"calle 197, carrera 103"
98,"usuario98",38,"calle 198, carrera 102"
99,"usuario99",39,"calle 199, carrera 101"
